Beverage-1.png,Cocal-cola,1,10,1.99,Coca-Cola Carbonated Drink Original 320ml
Beverage-2.png,100 plus,1,10,1.99,100 plus Carbonated Drink Original 320ml
Beverage-3.png,7up,1,10,1.99,7up Lemon  and  Lime Carbonated Drink 320ml
Beverage-4.png,Tropicana,1,10,2.99,Tropicana Twister Orange Drink 350ml
Beverage-5.png,Nescafe,1,10,2.60,Nescafe Original Drink 240ml
Beverage-6.png,Nestlé Milo,1,10,2.00,Nestlé Milo Chocolate Malt Drink 200ml
Beverage-7.png,Farm Fresh,1,10,4.99,Farm Fresh Original Yogurt Drink 700ml
Beverage-8.png,GoodDay,1,10,5.20,GoodDay Full Cream Fresh Milk 500ml
Beverage-9.png,Homesoy,1,10,1.20,Homesoy Soya Milk Original 250ml
Beverage-10.png,Oishi,1,10,1.99,Oishi Original Green Tea Drink 380ml
Instant-1.png,Mi Sedap,2,20,3.80,Mi Sedap Instant Noodle original flavour 5 packets x 91g
Instant-2.png,Mama Mee,2,20,5.00,Mama Mee 5 packets x 60g
Instant-3.png,Samyang,2,20,19.00,Samyang Spicy Korean Ramen 5 packets
Instant-4.png,Nongshim Shin Ramyun,2,20,10.50,Nongshim Shin Ramyun Korea Ramen 5 Pack
Instant-5.png,A1 Bak Kut Teh Mee,2,20,7.00,A1 Bak Kut Teh Mee (90g x 4packs)
Instant-6.png,Maggi curry',2,20,4.80,Maggi curry flavour
Instant-7.png,Cintan,2,20,3.20,Cintan Instant Noodles - Assorted Flavour (75g x 5's)
Instant-8.png,Mamee Chef,2,20,5.90,Mamee Chef Instant Noodle - Creamy Tom Yam Flavour (4 x 80g)
Instant-9.png,IndoMie,2,20,4.85,IndoMie Instant Fried Noodle 85g x 5 packets
Instant-10.png,San Remo,2,20,4.80,San Remo Dry Pasta - Spirals (500g)
Cereal-1.png,KokoKrunch,3,30,8.99,KokoKrunch (330g)
Cereal-2.png,Honey Stars,3,30,8.90,Honey Stars (300g)
Cereal-3.png,Cookie Crisps,3,30,10.90,Cookie Crisps (330g)
Cereal-4.png,Fitness cereal ,3,30,13.95,Fitness cereal (fruits) (390g)
Cereal-5.png,Froot Loops,3,30,9.70,Froot Loops (300g)
Cereal-6.png,Corn Flakes,3,30,6.56,Corn Flakes (275g)
Cereal-7.png,Special K,3,30,12.90,Special K (oats and honey) (375g)
Cereal-8.png,Honey Crunch,3,30,11.33,Honey Crunch (360g)
Cereal-9.png,Cheerios,3,30,21.50,Cheerios (272g)
Cereal-10.png,Milo cereal,3,30,8.90,Milo cereal (330g)
snack-1.png,Baiwei Yuanqi Mochi,4,35,7.52,Baiwei Yuanqi Mochi Strawberry Mango 180g
snack-2.png,GPR Popcorn,4,35,18.00,GPR Popcorn 280g Chocolate Flavor
snack-3.png,Small twist snack,4,35,0.38,Small twist snack
snack-4.png,WuZiWei Snacks,4,35,0.99,WuZiWei Snacks Buy 3 free 1 (14g)
snack-5.png,China Weilong,4,35,4.55,China Weilong Special Spicy Snacks
snack-6.png,Lay Potato Chips,4,35,4.80,Thailand Lay Potato Chips Snack
snack-7.png,Cheese Cake,4,35,1.19,Fruity Banana Mango Durian Cheese Cake snacks
snack-8.png,Munchy's Oat,4,35,7.29,Munchy's Oat Krunch Biscuit (416g)
snack-9.png,Tearing bread snack,4,35,9.99,Tearing bread snack soya flavour
snack-10.png,Haidilao Snack,4,35,1.79,Haidilao Snack 20g
canned-1.png,Ayam Brand Sardines,5,25,5.70,Ayam Brand Sardines in Tomato Sauce 230g
canned-2.png,Ayam Brand Peas,5,25,3.00,Ayam Brand Processed Peas 425g
canned-3.png,Ayam Brand Tuna,5,25,6.85,Ayam Brand Tuna Light Chunks in Olive Oil (150g)
canned-4.png,Ayam Brand Deli,5,25,6.40,Ayam Brand Deli Spread Tuna 160g
canned-5.png,Yeos Kacang,5,25,4.29,Yeos Kacang Panggang 425G
canned-6.png,Rex Curry Beef,5,25,4.49,Rex Curry Beef 160g
canned-7.png,Pineapple Chunks,5,25,4.89,Pineapple Chunks in Syrup 425g
canned-8.png,Ayam Brand Mushrooms,5,25,6.05,Ayam Brand Mushrooms 420g
canned-9.png,Kimball Tomato Soup,5,25,4.00,Kimball Tomato Soup 425g
canned-10.png,Coconut Milk,5,25,2.79,Ayam Brand Coconut Milk
CS-1.png,Knife Cooking oil,6,15,26.80,Knife Cooking oil (5kg)
CS-2.png,Olive oil,6,15,13.99,Naturel extra virgin olive oil (250ml)
CS-3.png,Fine granulated sugar,6,15,2.95,Fine granulated sugar (1kg)
CS-4.png,Soy sauce,6,15,6.25,Lee Kum Kee selected light soy sauce (500ml)
CS-5.png,Panda brand Oyster,6,15,7.99,Lee Kum Kee Panda brand Oyster sauce (770g)
CS-6.png,Ajinomoto,6,15,7.19,Ajinomoto (500g)
CS-7.png,Smoked Ground,6,15,11.99,McCormick Paprika Smoked Ground (37g)
CS-8.png,Salt,6,15,10.10,Cerebos Iodised Table Salt (700g)
CS-9.png,Real Stock Chicken,6,15,17.90,Campbells Real Stock Chicken (500ml)
CS-10.png,Gochujang,6,15,20.50,Gochujang (500g)
baking supplies-1.png,Pizza Pan,7,5,25.12,Non-stick High Quality Pizza Pan
baking supplies-2.png,Rotating Stand,7,5,12.65,Cake Decorating Supplies Cake Turntable Decorating Rotating Stand
baking supplies-3.png,Turntable Cake Bag,7,5,38.90,Bakeware Cake Decorating Supplies Cake Turntable Cake Bag
baking supplies-4.png,Cake Mold Baking Tools,7,5,36.30,HELLO KITTY DIY Silicone Donut/Cake Mold Baking Tools
baking supplies-5.png,Cream Cake Baking Tool,7,5,4.90,Adjustable Height Fondant Cream Cake Baking Tool Bakeware
baking supplies-6.png,Muffin Baking Mold DIY,7,5,2.99,Kitchen Loaf Tin Cake Mold Muffin Baking Mold DIY Bakeware Supplies
baking supplies-7.png,Round Pizza Pan,7,5,7.12,Round Dish Deep Pizza Pan
baking supplies-8.png,Biscuit Cutter,7,5,3.66,4Pcs/Set Stainless Steel Dinosaur Biscuit Cutter
baking supplies-9.png,Fondant Scraper,7,5,2.26,Christmas Plastic Dough Icing Fondant Scraper
baking supplies-10.png,Cake Baking Tool,7,5,2.60,Plastic Dough Icing Fondant Scraper Cake Decorating Baking Tool
Paper_Product-1.png,Soft Box Tissue,8,10,2.99,Premier Facial Soft Box Tissue 2ply x 100pcs
Paper_Product-2.png,Premier Wet Tissue,8,10,6.99,Premier Wet Tissue 50pcs
Paper_Product-3.png,Compact toilet paper,8,10,14.99,Compact toilet paper 10 rolls
Paper_Product-4.png,Kitchen Paper Towel,8,10,5.80,Scott Kitchen Paper Towel 2Rolls x60s
Paper_Product-5.png,Facial Tissue,8,10,5.90,Kleenex Skincare 3ply Facial Tissue 44sx4
Paper_Product-6.png,Sampling Paper Cup,8,10,4.99,Sampling Paper Cup 50pcs/set
Paper_Product-7.png,Cooking  and  Baking Paper,8,10,9.99,Diamond Cooking  and  Baking Paper 8mx30cm
Paper_Product-8.png,Coffee Filter Paper,8,10,3.50,MOMO Coffee Filter Paper 100pcs
Paper_Product-9.png,Wax Paper Sandwich Bag,8,10,6.99,Reynolds Wax Paper Sandwich Bag 50pcs
Paper_Product-10.png,Brown Paper Bag,8,10,2.80,Brown Paper Bag 20pcs
Household-1.png,Sunlight Dishwash,9,20,5.60,Sunlight Dishwash Liquid Extra Nature 900ml
Household-2.png,Multi-purpose towel,9,20,11.80,Scoot multi-purpose towel 8 rolls
Household-3.png,Wooden Fry Turner,9,20,9.60,Wooden Fry Turner with hole(35cm)
Household-4.png,Pizza knife set,9,20,42.90,Cs kochsysteme steak/ pizza knife set
Household-5.png,UHU glue,9,20,5.80,UHU glue 20ml
Household-6.png,Precision Scissors,9,20,17.50,Precision Scissors
Household-7.png,Staples,9,20,0.29,Staples 1000pcs 1unit
Household-8.png,Blue Ball Pen,9,20,3.60,Faber-Caster Blue Ball Pen 0.5
Household-9.png,Black Ball Pen,9,20,3.60,Faber-Caster Black Ball Pen 0.5
Household-10.png,Transparent Tape,9,20,3.44,Eve Clear Transparent Tape 48mm x 40m
bath-1.png,Morocco Shampoo,10,30,20.90,Renew Repair Argan Oil of Morocco Shampoo 400ml
bath-2.png,Rejoice Shampoo,10,30,16.90,Rejoice Shampoo 900ml Rich Soft Smooth
bath-3.png,Dove,10,30,18.90,Dove Nutritive Solutions Shampoo 680ml
bath-4.png,Sunsilk Shampoo,10,30,15.50,Sunsilk Shampoo 650ml
bath-5.png,Antibacterial Shower,10,30,18.90,Lifebuoy Total 10 Antibacterial Shower Gel 950ml
bath-6.png,Shokubutsu,10,30,10.80,Shokubutsu Clean Fresh Shower Foam 650ml
bath-7.png,Follow Me,10,30,12.00,Follow Me Anti-bacterial Body Wash 1000ml
bath-8.png,Green Tea Shampoo,10,30,15.30,Follow Me Green Tea Shampoo 6 in 1 650ml
bath-9.png,Lux Shower Gel,10,30,15.50,Lux Shower Gel - Magical Spell 950ml
bath-10.png,Pantene,10,30,17.95,Pantene Micellar Shampoo 500ml
baby-1.png,Pureen Baby Bath,11,35,15.90,Pureen Baby Bath with Vitamin E
baby-2.png,Pureen Baby Oil,11,35,11.90,Pureen Baby Oil with Vitamin E
baby-3.png,Pureen Baby Powder,11,35,10.90,Pureen Baby Cornstarch Powder
baby-4.png,Joielle Baby,11,35,27.00,Joielle Baby Top To Toe (250ml)
baby-5.png,Pureen Baby Napkin,11,35,20.90,Pureen Baby Napkin (Colourful)
baby-6.png,Car Seat,11,35,499.00,Koopers Pago Red Car Seat
baby-7.png,Pigeon Baby Wipes,11,35,13.00,Pigeon Baby Wipes Water Base 30s x 2
baby-8.png,Baby Bottle,11,35,79.10,Mam Premium Glass Bottle (9OZ) Single Pack
baby-9.png,Sweetheart Paris,11,35,229.00,Sweetheart Paris BW1001 – Orange
baby-10.png,Teether and Rattles,11,35,22.00,Teether and Rattles
pet-1.png,Pedigree Dog Lamb,12,25,27.50,Pedigree Dog Lamb and Vegetables Dog Food
pet-2.png,Whiskas Canned Tuna,12,25,4.91,Whiskas Canned Tuna 400g
pet-3.png,Cat Dry Food Tuna,12,25,7.17,Whiskas Adult Cat Dry Food Tuna Flavour 480g
pet-4.png,Cesar Chicken  and  Cheese,12,25,9.34,Cesar Chicken  and  Cheese 100g x 3
pet-5.png,Cat Litter,12,25,14.58,Catsan Clumping Cat Litter 5L
pet-6.png,Sheba Tender Chicken,12,25,3.90,Sheba Tender Chicken and Fine Flakes Wet Food 85g
pet-7.png,Cesar Beef Dog Food,12,25,3.80,Cesar Beef Dog Food 100g
pet-8.png,Kitty Bed,12,25,128.00,Kitty City Cozy Bed
pet-9.png,Water Dispenser,12,25,33.00,Auto Food Water Dispenser
pet-10.png,Foldable Cat Cage,12,25,75.00,Foldable Cat Cage